Datetime,PJM_Load_MW,Outdoor_Temp_C,Solar_Gen_MW,Wind_Gen_MW,Grid_Tariff_USD
2024-01-01 00:00:00,1274.8219807279925,18.0,0.0,160.53235036602447,46.94158997818722
2024-01-01 01:00:00,1039.272923696799,18.417125118764286,29.17334530342878,135.89784493265526,47.35067529161311
2024-01-01 02:00:00,1086.6831526851097,18.833524151526536,58.1436518664968,210.79335513366928,52.99805625114105
2024-01-01 03:00:00,1051.881698416792,19.248472276176198,86.70929404458737,247.28650847909105,68.57724137381385
2024-01-01 04:00:00,1083.052313418376,19.661247196185624,114.67146254980047,188.30693854596683,54.50440765295225
2024-01-01 05:00:00,979.8300712975638,20.071130397905243,141.8355481108303,157.04771400265622,56.18604026685834
2024-01-01 06:00:00,929.2796466263244,20.477408401273927,168.01249590184182,157.60044726953302,62.72295716885951
2024-01-01 07:00:00,1116.2735837505074,20.87937400176739,193.02012131388148,141.57361495866786,57.57257062545777
2024-01-01 08:00:00,813.4341510003388,21.27632750142287,216.6843779114011,138.14141028700587,61.65961824035338
2024-01-01 09:00:00,1155.9750452310222,21.667577926797172,238.84056874925585,172.41772700921348,52.60454648153713
2024-01-01 10:00:00,1141.5977216839553,22.052444231738008,259.3344926197294,210.55695098827385,48.69528941912047
2024-01-01 11:00:00,1017.820312360166,22.43025648287503,278.0235172520133,167.98958463901215,51.96649992527077
2024-01-01 12:00:00,1120.8345757737522,22.80035702576691,294.7775719949551,126.69845769809879,68.05888698208729
2024-01-01 13:00:00,1016.1008972990123,23.162101629674588,309.4800530742684,243.50499594789162,67.8130415862826
2024-01-01 14:00:00,1003.3917442804752,23.514860608968043,322.0286351238537,122.9757613247817,60.23068500884115
2024-01-01 15:00:00,1237.4022085812576,23.858019919214478,332.335983343188,198.30488716623267,63.03209068729853
2024-01-01 16:00:00,1152.2706692219717,24.19098222604003,340.330361324357,237.49793402368573,48.813944171073835
2024-01-01 17:00:00,1372.539050944583,24.513167944904446,345.9561303184142,216.06064575668424,68.81007781896821
2024-01-01 18:00:00,1452.622349771061,24.82401624997874,349.1741364663067,203.7510187469216,63.91006846928941
2024-01-01 19:00:00,1225.8274384919855,25.122986050369743,349.96198329934214,120.66882487378328,48.60037521857885
2024-01-01 20:00:00,1183.0894608865503,25.40955693199227,348.31418761266644,204.56448188214867,63.41870311077834
2024-01-01 21:00:00,1352.0284074121366,25.683230063449265,344.2422176269143,158.56592294897578,52.3593838132491
2024-01-01 22:00:00,945.1024822741645,25.943529064343238,337.77441317243756,179.4008897541167,67.65479064416367
2024-01-01 23:00:00,1010.8236087091425,26.190000834507373,328.95578845160765,136.56606848679354,69.49427737786941
2024-01-02 00:00:00,1132.855792163088,26.422216342713003,317.84771875191404,142.4707208882921,54.92798531274032
2024-01-02 01:00:00,1194.0566152889858,26.63977137348046,304.52751329025347,149.47746894482563,62.729292989067034
2024-01-02 02:00:00,1164.425192510109,26.842287230693383,289.0878771612989,237.54819471142284,56.157882256033346
2024-01-02 03:00:00,1162.8005067690856,27.0294113967917,271.6362661346457,152.82611503217305,64.59320645543642
2024-01-02 04:00:00,1232.9269878518107,27.200818146395818,252.29413879117533,138.49087818589877,67.05043050350287
2024-01-02 05:00:00,1139.200297501491,27.35620911329392,231.19611120356882,107.65944299919963,59.75844444035848
2024-01-02 06:00:00,1200.6701635000643,27.49531380980537,208.48902004416948,234.6446484855041,45.207331849531876
2024-01-02 07:00:00,1156.30267007739,27.617890097616247,184.33090064071627,200.32147924493006,65.0833961322741
2024-01-02 08:00:00,1049.0159769012334,27.723724609267343,158.88988709240635,163.7446485229272,50.28185013579324
2024-01-02 09:00:00,1009.336436634821,27.812633119561024,132.3430421011898,106.49178238384096,59.66688518752147
2024-01-02 10:00:00,977.0481194674129,27.884460866240406,104.87512466235867,147.6013094770508,47.88843306833525
2024-01-02 11:00:00,1138.1811699539512,27.939082819382627,76.67730419097668,156.18177258239726,50.781452136723004
2024-01-02 12:00:00,1055.1237849063336,27.976403899037336,47.94583003348966,241.38279119229531,67.41990942533353
2024-01-02 13:00:00,1285.8968619252623,27.99635914073153,18.880665624360304,153.3169527622686,61.68161267248733
2024-01-02 14:00:00,1074.290668982863,27.998913808552633,0.0,199.78485776390082,59.35446510515533
2024-01-02 15:00:00,1272.880166611811,27.984063455612976,0.0,128.25138334186977,60.3290999463176
2024-01-02 16:00:00,901.2541456246715,27.951833931790468,0.0,169.35526644252673,67.37807648035607
2024-01-02 17:00:00,1030.8850442076705,27.902281338731953,0.0,210.71006447368381,69.47586963670014
2024-01-02 18:00:00,857.4182511617418,27.83549193219755,0.0,161.2803435699157,59.84301695146881
2024-01-02 19:00:00,980.1942738406439,27.751581971916025,0.0,137.21197194533576,45.53706202558716
2024-01-02 20:00:00,1089.457341712118,27.6506975192125,0.0,202.74441939022043,56.102772104993626
2024-01-02 21:00:00,933.6574581180455,27.533014182760827,0.0,197.74156607056443,66.07131976969194
2024-01-02 22:00:00,934.7578330541321,27.398736812903074,0.0,188.9824356874616,56.59790950431263
2024-01-02 23:00:00,1002.6799163084507,27.2480991450684,0.0,213.82690592914832,53.268849147543
2024-01-03 00:00:00,1169.5581718576818,27.08136339291183,0.0,165.83573012997965,60.74006550270505
2024-01-03 01:00:00,824.2099577082494,26.898819791881266,0.0,191.35755174832906,46.30129902929026
2024-01-03 02:00:00,793.5204717786166,26.700786094007242,0.0,146.24100821833983,50.66233505053651
2024-01-03 03:00:00,829.6260576540288,26.487607014794733,0.0,172.08330187009264,52.127590896821005
2024-01-03 04:00:00,876.2571938107636,26.259653633179965,0.0,182.03966176851276,49.77869416701819
2024-01-03 05:00:00,788.9396803224765,26.017322745596584,0.0,114.73598773937695,54.02629476608766
2024-01-03 06:00:00,901.8856855433446,25.761036175275592,0.0,161.9150263019749,60.082215059785746
2024-01-03 07:00:00,946.7272181991825,25.49124003798142,0.0,201.19630225942086,63.10413910200134
2024-01-03 08:00:00,702.171995124509,25.208403965462153,0.0,132.07901534552096,57.064111110851016
2024-01-03 09:00:00,1027.0084444652136,24.91302028796568,0.0,158.57321485380174,51.933680779448466
2024-01-03 10:00:00,658.3028824354772,24.605603177244824,0.0,183.27092072699864,46.30587037816513
2024-01-03 11:00:00,859.2668448797085,24.2866877515431,0.0,271.1233960178557,47.97181575845768
2024-01-03 12:00:00,824.7744186891503,23.956829144119126,0.0,209.43791856820332,61.52167342509557
2024-01-03 13:00:00,1021.803560121308,23.616601536931107,0.0,163.6034978189832,64.46671426037
2024-01-03 14:00:00,720.6714508580823,23.26659716116332,0.0,132.83851130644908,45.049914986828355
2024-01-03 15:00:00,788.516572918945,22.9074252663346,0.0,169.187975496842,59.07507225081599
2024-01-03 16:00:00,838.5580721607164,22.539711059783038,0.0,180.96786246915255,56.00098651103089
2024-01-03 17:00:00,877.8985787462615,22.16409461837315,0.0,212.94047266359496,69.75530943006179
2024-01-03 18:00:00,747.7639195553954,21.78122977431971,0.0,164.04484583281052,51.03015639111043
2024-01-03 19:00:00,983.0741970834857,21.391782977067816,0.0,205.25369414105165,53.754164782522004
2024-01-03 20:00:00,629.404468625097,20.99643213321025,0.0,213.26755763825844,69.20646966859042
2024-01-03 21:00:00,661.7233842757547,20.595865426461437,0.0,172.82840967661906,61.07821186780106
2024-01-03 22:00:00,774.8675746090278,20.19078011974219,0.0,203.48198644170745,64.99590226059914
2024-01-03 23:00:00,667.1008360126393,19.78188134146029,0.0,168.9791530690644,63.482345955671875
2024-01-04 00:00:00,592.6638906158406,19.369880858099705,0.0,180.83027437201648,52.20736441325303
2024-01-04 01:00:00,941.010970237841,18.955495835254982,0.0,134.39139582830393,59.62072262400428
2024-01-04 02:00:00,883.8871178702241,18.539447589267436,0.0,181.38519619137745,60.86372022836923
2024-01-04 03:00:00,517.8446060829192,18.122460331636198,0.0,205.81267628616592,52.47535007288254
2024-01-04 04:00:00,901.0238030845799,17.705259908389642,20.622842862890288,197.47361232023846,51.798327114923524
2024-01-04 05:00:00,932.921296881218,17.28857253661165,49.67373663530136,172.7456643354795,63.81836523585926
2024-01-04 06:00:00,672.9504619646318,16.873123540321945,78.37891438472833,210.32602796804807,58.887864847292285
2024-01-04 07:00:00,963.1393843296544,16.459636087911015,106.53859569272882,162.2750561357612,47.10821201728922
2024-01-04 08:00:00,642.0359732377534,16.04882993332726,133.9567966513124,173.07664143170507,54.688911574617066
2024-01-04 09:00:00,769.6136566454712,15.641420163207705,160.44269385892184,139.0375979247085,51.74100911317759
2024-01-04 10:00:00,820.7537489389125,15.238115952132988,185.81195250066327,200.45273426522633,51.2011072567432
2024-01-04 11:00:00,910.4382769791956,14.839619328173466,209.8880092696914,167.05499733544963,67.0251820662066
2024-01-04 12:00:00,911.5962470939722,14.446623950875159,232.50330120096396,187.03991212922773,50.51152631041154
2024-01-04 13:00:00,903.8461524246713,14.059813903812708,253.50043186500594,185.80396239636227,60.55404700314768
2024-01-04 14:00:00,787.7650162563278,13.67986250381118,272.7332668052821,179.85980815077968,61.0501985903107
2024-01-04 15:00:00,1088.8368231997276,13.307431128909391,290.06795059523057,189.26013783380276,58.98294744181287
2024-01-04 16:00:00,997.3890667109781,12.943168067105047,305.38383843650337,202.50379772755718,64.37476415357068
2024-01-04 17:00:00,866.6328070677994,12.587707387885548,318.57433581474294,177.38661942029225,50.565165248215536
2024-01-04 18:00:00,876.8721907639858,12.241667838508825,329.54764036911115,196.65126686750918,53.301858806322834
2024-01-04 19:00:00,1127.887212898674,11.905651766955506,338.22738081235434,185.23338975580373,51.99495990311718
2024-01-04 20:00:00,1049.884415543735,11.580244073427075,344.5531484546935,197.51263668943025,56.82413872790084
2024-01-04 21:00:00,878.0063541149401,11.266011192215302,348.4809176322714,172.66916937580896,68.49919424967231
2024-01-04 22:00:00,953.2531219383972,10.963500105715068,349.9833521140886,211.23167247749709,49.21882587335818
2024-01-04 23:00:00,1136.9180433292324,10.673237392296954,349.0499953549155,198.87709622842198,46.73644567235928
2024-01-05 00:00:00,789.8341285104809,10.395728309696937,345.6873432700721,154.69343992222556,69.29277433512743
2024-01-05 01:00:00,935.1743862000019,10.13145591551871,339.91879902558117,175.12609197190787,45.8862933962595
2024-01-05 02:00:00,1137.9177555754907,9.880880226379604,331.78451015834446,157.5603285884858,60.126487535035025
2024-01-05 03:00:00,916.3857718757853,9.644437417163726,321.3410891599414,126.27572497917564,46.47832618476273
2024-01-05 04:00:00,1267.15457752281,9.422539061776197,308.6612194687136,173.63339183162154,57.21167540092554
2024-01-05 05:00:00,951.0401106940957,9.215571416720088,293.8331496123241,219.90289003835352,49.61111731672975
2024-01-05 06:00:00,928.6119628073563,9.02389474874317,276.9600790214282,200.49633755413893,60.93408799991583
2024-01-05 07:00:00,944.5300239081155,8.847842707724762,258.15943978902607,179.73052305269204,63.468791876685394
2024-01-05 08:00:00,1117.551397147404,8.687721745894326,237.56207937426302,192.89079204846212,46.447673350798375
2024-01-05 09:00:00,1070.9506342743496,8.54381058439281,215.31134993884305,199.8722255524675,45.85371923253994
2024-01-05 10:00:00,1034.59580731217,8.4163597281052,191.56211065402877,216.70371690286197,61.11428131362185
2024-01-05 11:00:00,1146.43411691165,8.305591029608896,166.4796499219138,205.26671733374235,67.113813718573
2024-01-05 12:00:00,1041.754755973009,8.211697302996903,140.2385350120117,243.99410106688595,66.32033206644172
2024-01-05 13:00:00,1172.964506205067,8.134841988248027,113.02139711939299,214.7785449437322,68.19438943890209
2024-01-05 14:00:00,1223.731541208801,8.075158866728366,85.01766030003968,127.8330996696267,54.89288663332473
2024-01-05 15:00:00,1191.2550832309416,8.032751828319261,56.42222312969198,184.02058699082434,60.15072485407305
2024-01-05 16:00:00,1019.9160391618927,8.007694690577102,27.43410226148679,211.20140705870347,62.93210057294468
2024-01-05 17:00:00,1258.2860047412612,8.000031070239762,0.0,173.99071818433262,51.48058261606553
2024-01-05 18:00:00,1168.870882791668,8.009774307303328,0.0,133.19351230509025,59.16106003337749
2024-01-05 19:00:00,1247.9153483799341,8.036907441801288,0.0,181.51007941620304,61.96665399633758
2024-01-05 20:00:00,1262.5759800280732,8.08138324332659,0.0,161.66198009674494,45.885312690063756
2024-01-05 21:00:00,1095.4937652785834,8.143124293245195,0.0,113.06888841064846,64.5276519978918
2024-01-05 22:00:00,1231.744598696229,8.22202311945802,0.0,176.2364174954016,55.18085583671574
2024-01-05 23:00:00,1047.4289188296148,8.317942383476648,0.0,212.49755701559678,46.67173186046391
2024-01-06 00:00:00,1196.7995151448763,8.430715119487235,0.0,201.46353627719176,62.54289285230453
2024-01-06 01:00:00,924.8379614191012,8.560145024986419,0.0,201.2253559033955,57.69264931631884
2024-01-06 02:00:00,1192.906895718382,8.706006802483355,0.0,185.17360947627245,59.906222623159465
2024-01-06 03:00:00,1106.1571329022172,8.868046551673054,0.0,148.13078737058697,60.77714535100439
2024-01-06 04:00:00,892.3125082564935,9.045982211398401,0.0,217.0834035255399,48.96700701722718
2024-01-06 05:00:00,1123.7707129722512,9.23950405063152,0.0,173.28965263988064,47.27945530112148
2024-01-06 06:00:00,1009.1385940452105,9.448275207619819,0.0,161.8504006182565,54.468114559037396
2024-01-06 07:00:00,1315.9087070009305,9.671932276258278,0.0,185.58729160565468,59.503616919173666
2024-01-06 08:00:00,1073.6903114169174,9.910085938667232,0.0,232.14147761267398,57.550097447128934
2024-01-06 09:00:00,1314.0685770679859,10.162321642874547,0.0,195.39214175155203,48.591206788487014
2024-01-06 10:00:00,1112.4916339896286,10.428200324422585,0.0,190.71127161015218,47.37690883307018
2024-01-06 11:00:00,908.373921816747,10.707259170643805,0.0,152.81715409765468,49.18807966799139
2024-01-06 12:00:00,1035.2573015526198,10.999012426274703,0.0,238.81004953033232,64.50346312084702
2024-01-06 13:00:00,1014.1646365300237,11.302952239005661,0.0,207.25188154017349,56.76967067073167
2024-01-06 14:00:00,1074.9158013528727,11.618549543494995,0.0,229.36260033792297,61.51813872805758
2024-01-06 15:00:00,770.0343770481727,11.9452549823083,0.0,235.55379336807044,66.27569631801438
2024-01-06 16:00:00,913.2131399270385,12.282499862180078,0.0,144.45393258725113,69.68018198467611
2024-01-06 17:00:00,860.1926738309462,12.62969714393308,0.0,206.94388413126572,52.00912678388229
2024-01-06 18:00:00,944.2316840062957,12.98624246433219,0.0,203.9983696256692,56.71790767291495
2024-01-06 19:00:00,926.2763288020354,13.351515188094158,0.0,125.7477896852798,69.04059335335845
2024-01-06 20:00:00,928.1456547748411,13.724879488221958,0.0,190.94452142574312,45.998797085373425
2024-01-06 21:00:00,956.6599422628301,14.105685452783204,0.0,166.4120672465258,55.94261958521369
2024-01-06 22:00:00,842.1114304209054,14.493270216206117,0.0,120.29407896373853,61.404695922657524
2024-01-06 23:00:00,944.3120438919549,14.88695911312372,0.0,203.99283643517632,45.51994896863213
2024-01-07 00:00:00,792.8814046625004,15.2860668527579,0.0,174.09938620891998,66.91421030904503
2024-01-07 01:00:00,778.4684563157762,15.689898711798996,0.0,178.27170466744172,47.461251096519796
2024-01-07 02:00:00,858.1174175026265,16.0977517437045,0.0,202.80057461858246,48.66563013975727
2024-01-07 03:00:00,830.3952352121889,16.50891600231192,0.0,182.46986897819932,58.34384897555972
2024-01-07 04:00:00,679.5505855169598,16.922675777635728,0.0,193.55116939378473,55.331962911332496
2024-01-07 05:00:00,1056.6491069436374,17.338310841697425,0.0,142.52158122019574,66.38242965040007
2024-01-07 06:00:00,664.4530821767881,17.75509770222001,0.0,203.7906602655486,46.474367782286365
2024-01-07 07:00:00,591.3148070334249,18.17231086200458,12.059969576755227,169.17966443942234,58.163868483444844
2024-01-07 08:00:00,903.8644830562234,18.589224081796864,41.17402405122711,149.25932333627776,56.277437420742274
2024-01-07 09:00:00,825.9085632091649,19.005111644445517,70.00151824637635,169.14205501459267,49.496852466949655
2024-01-07 10:00:00,805.3537269314555,19.41924961815147,98.34182045376224,202.64248573463516,48.15962447774882
2024-01-07 11:00:00,679.0173803790864,19.830917116609648,125.99768969187298,136.14633194367303,65.87452102939298
2024-01-07 12:00:00,584.3673424770175,20.23939755384938,152.77664845100634,200.5419971198383,45.241130082407686
2024-01-07 13:00:00,724.2850950820591,20.64397989158924,178.4923222856508,168.5774668929174,68.43739129154466
2024-01-07 14:00:00,744.525369912226,21.04395987693511,202.96573693116252,236.24419664945958,45.89834487577654
2024-01-07 15:00:00,751.8680023660047,21.43864126826693,226.02656391714206,201.87327238852603,53.54772925978115
2024-01-07 16:00:00,762.9487542366662,21.827337047180354,247.51430600838344,189.8688670201576,56.72512943169788
2024-01-07 17:00:00,902.9053408523702,22.209370614373576,267.2794142230327,204.60625066722895,64.32641075273717
2024-01-07 18:00:00,625.5265230836615,22.584076967397767,285.1843286538091,164.36116663419244,64.4740052934473
2024-01-07 19:00:00,532.4622420933331,22.950803858220958,301.1044358484513,194.34815281941857,50.55967090062967
2024-01-07 20:00:00,720.8960761161159,23.30891292859038,314.92893608626935,174.1921075730445,47.97532223223504
2024-01-07 21:00:00,572.5535897184428,23.65778082121706,326.56161451479375,163.351035135633,45.22511657855771
2024-01-07 22:00:00,450.8716638910498,23.996800264848325,335.9215107796127,187.75137235200418,62.06649660217548
2024-01-07 23:00:00,969.6739044781162,24.32538113133948,342.94348248695,176.2733836968464,57.679336138998266
2024-01-08 00:00:00,816.7710831736715,24.642951462884685,347.57865857743735,220.6065681602881,46.59927475912991
2024-01-08 01:00:00,729.3841736624792,24.948958467618798,349.79477945571546,189.42157921968783,60.641428756486135
2024-01-08 02:00:00,767.5638368331647,25.242869481857312,349.57642150865604,190.3567994080595,64.99014995635176
2024-01-08 03:00:00,1034.260471477267,25.52417289729931,346.925104449616,174.93940462523102,65.10536683149205
2024-01-08 04:00:00,971.7981708679346,25.792379051579488,341.8592807416355,218.7873924746703,57.771850618231824
2024-01-08 05:00:00,955.6344578057784,26.047021080619146,334.41420717319204,123.98580450759428,55.72804098150871
2024-01-08 06:00:00,899.7992282055206,26.287655731292304,324.6416994803117,124.26781468511145,58.63535064026372
2024-01-08 07:00:00,745.1605394137993,26.513864132992516,312.60977172279763,144.46626340781074,48.97437246432743
2024-01-08 08:00:00,870.6853044058619,26.725252526757238,298.4021629244261,180.5764019821442,67.06188496655818
2024-01-08 09:00:00,785.5756962698016,26.921452950680553,282.1177542715666,120.45205836485573,63.02343998848801
2024-01-08 10:00:00,1156.153154733662,27.102123880421225,263.86988092636756,148.09878214654066,61.77037393615052
2024-01-08 11:00:00,800.7871814100815,27.266950823691065,243.78554324411039,200.5714248226365,55.69496617169867
2024-01-08 12:00:00,783.4289696264585,27.415646867688892,222.00452288444265,196.1079512139931,54.76698349181775
2024-01-08 13:00:00,758.1599653012493,27.54795317852711,198.67840996812697,135.89961115162038,56.352610467699826
2024-01-08 14:00:00,1064.2504961375757,27.663639451781552,173.96954805003512,201.05728674213634,69.56206220434714
2024-01-08 15:00:00,781.6876970799325,27.762504313380376,148.0499042510915,226.50677840723796,51.06174685663635
2024-01-08 16:00:00,1068.4984415630897,27.8443756701341,121.09987241275708,244.6786000395581,49.50281859327313
2024-01-08 17:00:00,1043.236145059894,27.90911100929671,93.30701760376924,185.32297279837167,62.906933093068986
2024-01-08 18:00:00,997.3036040309266,27.956597646636325,64.86477071704596,188.89765285547526,61.47388989938588
2024-01-08 19:00:00,1334.0687533698353,27.98675292258367,35.97108224201049,176.99426962659598,51.173744358215075
2024-01-08 20:00:00,981.5001206875633,27.999524346116814,6.827044581720962,231.10160486244217,61.271297421280224
2024-01-08 21:00:00,1118.6901912839232,27.99488968613187,0.0,195.9002508909462,48.572226814888474
2024-01-08 22:00:00,922.1935872277198,27.972857010140444,0.0,151.78936233293777,48.100377114480054
2024-01-08 23:00:00,985.4579454648031,27.93346467022661,0.0,205.41396471569547,55.39952572996935
2024-01-09 00:00:00,1181.9313182844485,27.876781236287776,0.0,161.59038725506213,69.57774203398266
2024-01-09 01:00:00,1008.2756084450787,27.80290537667566,0.0,197.92454730907826,48.23367955916637
2024-01-09 02:00:00,1105.542878154175,27.711965686445176,0.0,141.7038389461933,56.17652184849843
2024-01-09 03:00:00,1200.266006025766,27.604120463510153,0.0,176.58593952995955,56.61124282391074
2024-01-09 04:00:00,1134.6116635809715,27.479557433095557,0.0,253.38858537061833,69.67269121167955
2024-01-09 05:00:00,1081.3326684724102,27.338493420965854,0.0,144.0918847787401,60.50317225986958
2024-01-09 06:00:00,1143.0460118157025,27.181173975998327,0.0,187.14238318651465,59.88530922152118
2024-01-09 07:00:00,887.3420419601044,27.007872942758308,0.0,215.10372284362495,61.37794985161783
2024-01-09 08:00:00,1111.2393173437456,26.81889198482039,0.0,173.0077849412941,66.18216673466655
2024-01-09 09:00:00,1274.989152074335,26.614560059665262,0.0,212.47942232133738,65.61951021317172
2024-01-09 10:00:00,1359.4344501849082,26.395232846066403,0.0,194.2464544256706,62.337159807030154
2024-01-09 11:00:00,1233.424244897694,26.161292124963136,0.0,161.61471350320036,67.6638555163259
2024-01-09 12:00:00,1168.197255229983,25.91314511489795,0.0,156.3052725666027,56.79717159693763
2024-01-09 13:00:00,1168.7082304465562,25.651223763174784,0.0,186.12273818031852,66.66788601552611
2024-01-09 14:00:00,1054.5537249799322,25.375983993972174,0.0,126.22072761970229,52.80415738682223
2024-01-09 15:00:00,1258.8652124970008,25.087904914720077,0.0,141.5275622199498,60.1825513765893
2024-01-09 16:00:00,1247.7175481995168,24.7874879821218,0.0,185.9368235059383,50.74325289595939
2024-01-09 17:00:00,1069.903022694898,24.47525612927277,0.0,143.36514459801225,46.506326269272634
2024-01-09 18:00:00,942.6736227476282,24.151752855395515,0.0,172.45957297030867,55.227385713928456
2024-01-09 19:00:00,1174.1830210411067,23.817541279775348,0.0,143.46181190574845,47.62831520766473
2024-01-09 20:00:00,1265.6284080026621,23.47320316154368,0.0,217.58744101213588,63.605844844463356
2024-01-09 21:00:00,1052.3845540734924,23.119337887014986,0.0,207.0780541039391,69.19450628087921
2024-01-09 22:00:00,1129.014816083124,22.756561426340394,0.0,193.5621057359459,62.30932437249557
2024-01-09 23:00:00,1136.8063309174195,22.385505261293865,0.0,185.7241815925792,63.03711498887787
2024-01-10 00:00:00,1195.5124687719492,22.006815286057478,0.0,163.95029474355076,52.55926773846583
2024-01-10 01:00:00,1127.4694299566256,21.621150682919136,0.0,145.1766568643255,48.75072261405835
2024-01-10 02:00:00,942.8148739359206,21.2291827748398,0.0,243.8705685610273,52.937562553710286
2024-01-10 03:00:00,1143.7141719525384,20.83159385688754,0.0,198.5718245623125,47.81484702675822
2024-01-10 04:00:00,993.7145224588733,20.42907600857256,0.0,175.1293992143317,69.3358191068902
2024-01-10 05:00:00,1020.0804633556908,20.022329889150544,0.0,193.4095817538267,46.177796356801586
2024-01-10 06:00:00,1110.0020018807652,19.6120635179912,0.0,208.8397586017336,68.45414246110275
2024-01-10 07:00:00,769.0840607074867,19.198991042135333,0.0,219.42516735150966,63.01041446972123
2024-01-10 08:00:00,1079.7115340533362,18.783831493185335,0.0,230.71971706774332,62.96305979036478
2024-01-10 09:00:00,833.0478275887529,18.36730753569327,0.0,202.31795517942683,57.49313778432756
2024-01-10 10:00:00,878.6921945596825,17.95014420922506,3.489861981434761,155.28620058575524,62.11956194008572
2024-01-10 11:00:00,1079.5289244996225,17.53306766629055,32.64961276302551,182.45529922027941,55.98711484257017
2024-01-10 12:00:00,1064.837621375885,17.11680390833626,61.58213090537925,195.29158404008007,52.31067411574144
2024-01-10 13:00:00,808.4974287533043,16.70207752200108,90.08605376125794,177.5729078395553,50.655835136457384
2024-01-10 14:00:00,769.9365094109404,16.289610417834744,117.96300159286311,182.56813585392172,59.18485688140146
2024-01-10 15:00:00,697.3090538275015,15.880120573674514,145.01895824215754,87.0858412046723,57.607714754280565
2024-01-10 16:00:00,764.8514503380427,15.474320784867476,171.0656214318356,230.5274904717121,62.38065077120517
2024-01-10 17:00:00,1047.3145446526478,15.072917423514067,195.92171329918864,175.2039839562534,46.49903047055046
2024-01-10 18:00:00,865.2355437588091,14.676609208892359,219.41424204192074,231.83613443751136,57.572420217572436
2024-01-10 19:00:00,712.214599932092,14.286085991203603,241.37970589517772,208.5178910721662,56.43120342689453
2024-01-10 20:00:00,804.7596335461504,13.9020275507561,261.665231060435,192.41157429122927,66.69099255647173
2024-01-10 21:00:00,650.0945133864125,13.52510241467763,280.1296356665609,241.44589059157153,51.84154738360134
2024-01-10 22:00:00,789.98214409171,13.155966693216193,296.64441235816815,159.18014322445313,69.10717207077008
2024-01-10 23:00:00,875.640088152724,12.79526293765472,311.0946226727005,263.3334222646056,63.7517040658019
2024-01-11 00:00:00,614.595881784398,12.443619021827729,323.3796969816255,182.9011081149984,48.375174243599
2024-01-11 01:00:00,880.882588070938,12.10164704918693,333.4141344283569,124.10484506850064,47.884552536526954
2024-01-11 02:00:00,960.193326379516,11.769942287318088,341.12809799152467,158.69734986885464,54.32577346333209
2024-01-11 03:00:00,875.8474976450443,11.449082131764104,346.467900532106,183.67111104495274,63.67166768935817
2024-01-11 04:00:00,693.4738843349265,11.139625100957646,349.39637844166515,125.04911888754211,59.80568342738987
2024-01-11 05:00:00,868.83534619167,10.842109864013068,349.89315029120434,175.82107858019805,55.685239677459165
2024-01-11 06:00:00,635.8977836976228,10.557054303069847,347.9547586804999,166.06714581537477,63.415357068268364
2024-01-11 07:00:00,624.459981471458,10.28495461181974,343.5946943006902,158.4306988365574,47.11326206246381
2024-01-11 08:00:00,1009.9566986430477,10.026284431786806,336.8433020426461,163.17958271476147,48.73732351354025
2024-01-11 09:00:00,598.0677429607385,9.781494027863795,327.74756980458415,156.10765510344254,45.946431653871876
2024-01-11 10:00:00,654.7919240235283,9.551009504540046,316.3708014687663,186.0671672124212,54.37700508026843
2024-01-11 11:00:00,722.673443015643,9.335232064185172,302.79217632328147,188.49534702902338,47.17441981412308
2024-01-11 12:00:00,766.8845420457407,9.134537308679622,287.1061979952132,175.89205945205427,48.166883742183465
2024-01-11 13:00:00,918.4540520322266,8.949274585607853,269.42203673048124,181.94466071779928,69.5476389726693
2024-01-11 14:00:00,859.9103438158292,8.779766380152056,249.86276959790231,189.27105707519422,59.73192533988353
2024-01-11 15:00:00,933.4432255524985,8.62630775374506,228.5645239054582,197.09506958385347,47.971408148961714
2024-01-11 16:00:00,869.4458364564932,8.489165830459505,205.67552979036185,186.8379471518255,66.11326286331465
2024-01-11 17:00:00,819.4842746903007,8.36857933202734,181.35508857664445,236.2688607123802,56.35971502811985
2024-01-11 18:00:00,625.3664231643226,8.264758162299007,155.7724640802204,231.61866394845464,59.513560372155396
2024-01-11 19:00:00,818.9796053256792,8.177883041865673,129.10570457765363,148.5156488324372,51.28069457937014
2024-01-11 20:00:00,723.396694125071,8.108105193480503,101.54040363740837,148.04149998753206,52.808578185951234
2024-01-11 21:00:00,734.8431629574709,8.055546078826536,73.26840843787161,148.9502164352789,48.039353266945874
2024-01-11 22:00:00,797.9715466075355,8.020297187089422,44.48648456191125,203.30184063494679,61.509879355463205
2024-01-11 23:00:00,1094.582516862052,8.002419875703,15.394946560638285,161.9858196032546,56.34109531012175
2024-01-12 00:00:00,976.233785819207,8.00194526354496,0.0,215.70832108764688,63.91686150583472
2024-01-12 01:00:00,992.0617997122421,8.018874176768481,0.0,152.16164182897438,64.55129955606766
2024-01-12 02:00:00,751.377819237493,8.053177147364167,0.0,136.78444747862437,55.88215058137309
2024-01-12 03:00:00,894.282538079779,8.104794464454733,0.0,127.91912705166061,66.69928407746302
2024-01-12 04:00:00,881.4216011783159,8.173636278233213,0.0,129.91676057262396,45.674743621493505
2024-01-12 05:00:00,956.6290156204957,8.259582756363718,0.0,167.45388893667368,48.07333721492708
2024-01-12 06:00:00,1035.440155558982,8.362484292572526,0.0,241.71000850023728,59.57424550420732
2024-01-12 07:00:00,932.3607810281266,8.482161767066396,0.0,201.67993996342076,45.06087052226813
2024-01-12 08:00:00,977.4087903337863,8.618406858324798,0.0,183.83255396551257,55.18195796052475
2024-01-12 09:00:00,1056.8325587082832,8.770982405723371,0.0,158.5218434285927,47.13586690088543
2024-01-12 10:00:00,1039.5623348287259,8.939622822357281,0.0,169.87202272361765,53.89633797170122
2024-01-12 11:00:00,1101.1017307103207,9.124034557346022,0.0,156.3928470195577,47.523461567085214
2024-01-12 12:00:00,689.0316960740469,9.323896606814824,0.0,167.88018068983035,62.453654003158555
2024-01-12 13:00:00,912.1100669425599,9.538861072663266,0.0,185.95445908841893,59.09948161033106
2024-01-12 14:00:00,1024.2279914762355,9.768553768148411,0.0,199.38131612487317,65.04687429328227
2024-01-12 15:00:00,933.3575010054005,10.012574869228363,0.0,169.16680320093158,60.42207428423448
2024-01-12 16:00:00,936.0290325902772,10.270499610532436,0.0,199.54881388624767,61.876607818189456
2024-01-12 17:00:00,769.4025208004259,10.54187902474647,0.0,177.75655910664585,63.92527172042841
2024-01-12 18:00:00,1167.2547642631541,10.826240724126258,0.0,168.46319297357238,53.01183829279119
2024-01-12 19:00:00,1057.7107130685001,11.123089722778753,0.0,193.12764963497904,59.0826244227745
2024-01-12 20:00:00,995.2450896654431,11.431909298279557,0.0,164.72830150575717,46.11544221173126
2024-01-12 21:00:00,1320.8501565487409,11.75216189112713,0.0,182.50156357897282,56.26534791615647
2024-01-12 22:00:00,1066.1468540655026,12.083290040467826,0.0,179.39526814478583,56.83499389200649
2024-01-12 23:00:00,1232.2373532979682,12.424717354463082,0.0,211.4756442488119,63.26485845908928
2024-01-13 00:00:00,1162.398843557773,12.775849513609588,0.0,177.61032928573857,55.902675624066504
2024-01-13 01:00:00,1213.8967784737254,13.136075305265974,0.0,190.6807387177502,58.98571456524576
2024-01-13 02:00:00,897.3028826134066,13.504767687585261,0.0,149.25050588072958,48.41900013322345
2024-01-13 03:00:00,1126.629599212903,13.881284881001037,0.0,173.1927310456282,47.282475806810744
2024-01-13 04:00:00,1095.1886023536752,14.264971485367465,0.0,219.14040771702435,48.81612618311415
2024-01-13 05:00:00,1232.1039063483206,14.655159620808575,0.0,220.76533879211675,45.53897824062555
2024-01-13 06:00:00,1484.1401031533783,15.051170090290755,0.0,200.51065864140764,63.911899173900714
2024-01-13 07:00:00,1331.962380329238,15.452313561895078,0.0,163.8234222297194,63.57599338065663
2024-01-13 08:00:00,1302.1507892444747,15.857891768731264,0.0,155.86068217089766,47.63903433086279
2024-01-13 09:00:00,967.181884386896,16.26719872440466,0.0,155.2745327681085,64.75198303995421
2024-01-13 10:00:00,1166.6047200188034,16.679521951920528,0.0,163.39577576450665,62.531255129559
2024-01-13 11:00:00,1107.4290362521135,17.09414372388642,0.0,191.06189589556348,59.54677037247788
2024-01-13 12:00:00,960.2693780088686,17.51034231185392,0.0,158.45979060025522,51.99881354617877
2024-01-13 13:00:00,1163.001642798564,17.92739324262495,0.0,149.1549147508062,46.8110576333278
2024-01-13 14:00:00,1238.0575031504673,18.344570559335864,24.105616235243676,144.4507508447716,47.39221868561415
2024-01-13 15:00:00,1148.7206178781407,18.761148085124102,53.125802826480054,158.17091155748523,63.53502195440179
2024-01-13 16:00:00,1210.8082570128763,19.176400687177917,81.77624793026219,117.65946752566293,62.23613075373699
2024-01-13 17:00:00,1252.713626267454,19.58960553896852,109.85755205283374,134.68831169967814,60.90019692457171
2024-01-13 18:00:00,1035.264920211076,20.000043378467897,137.17427677061207,150.59025474726178,61.5152067668709
2024-01-13 19:00:00,1304.418500701617,20.40699976016184,163.5363049297435,169.71222827350613,67.21482055962427
2024-01-13 20:00:00,955.3524637585986,20.809766298678923,188.7601638110347,228.75397326982176,52.82767926434848
2024-01-13 21:00:00,1019.7408351002621,21.20764190187065,212.67030205138255,203.4575550656723,58.73200892828581
2024-01-13 22:00:00,1027.852788712489,21.59993399119637,235.100311434668,186.45384426121444,52.96425501064632
2024-01-13 23:00:00,968.4867947974803,21.985959707288572,255.89408504877326,132.08951108066842,55.119471619487406
2024-01-14 00:00:00,827.8981395847594,22.36504709860018,274.9069037482578,164.45704739053264,52.967607530003704
2024-01-14 01:00:00,1121.5863650978176,22.73653629106463,292.00644336119956,199.13473881592137,61.663666051249194
2024-01-14 02:00:00,1203.5245227516489,23.09978063673288,307.0736956303142,218.34013861611643,63.42729412940754
2024-01-14 03:00:00,1027.3939244196156,23.454147839387684,320.00379647883494,110.00684323982122,58.15541208455758
2024-01-14 04:00:00,966.9862330332783,23.799021055176073,330.70675583665786,220.98254005415663,58.933791237622216
2024-01-14 05:00:00,895.1150266522847,24.133799966343986,339.10808394734465,174.7229726764757,67.69336101745293
2024-01-14 06:00:00,980.6032547179037,24.457901826204058,345.1493097970568,207.49215536832025,47.69232258263682
2024-01-14 07:00:00,982.0106884789719,24.770762473517635,348.78838805729316,162.7997839163067,68.33844641705107
2024-01-14 08:00:00,876.3727084892981,25.07183731452524,349.99999170921694,178.23016827394696,50.8574825458092
2024-01-14 09:00:00,812.5152760533435,25.360602270916104,348.7756883129847,143.73460280233326,50.10028173951449
2024-01-14 10:00:00,565.6013585517834,25.636554692086648,345.1239986952896,182.68025699975135,67.61352856589838
2024-01-14 11:00:00,855.4838462560768,25.899214230099936,339.0703376466694,226.45374165858485,63.60405151757547
2024-01-14 12:00:00,1016.0106095913378,26.148123675823115,330.65683704130873,219.44063379052062,65.36970617243139
2024-01-14 13:00:00,842.794498202127,26.38284975478723,319.94205261037854,204.90893989571902,46.49576898035195
2024-01-14 14:00:00,639.2745268482407,26.602983881384326,307.0005564096875,155.76705476158753,48.045038179587
2024-01-14 15:00:00,715.3194940069757,26.808142870088748,291.92241781796605,172.7001172672902,56.0328177343973
2024-01-14 16:00:00,612.1012906524037,26.99796960246484,274.81257667789623,162.33370136513122,56.19132515140858
2024-01-14 17:00:00,546.5962895286448,27.172133648799807,255.7901129426585,190.35052022333426,51.44528566483268
2024-01-14 18:00:00,967.6311403890411,27.330331843279822,234.98741791106323,209.5374941514429,64.08865849068754
2024-01-14 19:00:00,799.8188766353536,27.472288811708047,212.5492728192488,144.48227266217134,53.83603474885471
2024-01-14 20:00:00,827.6908918784104,27.597757450846075,188.63184120170493,163.88816184282445,55.353328404357185
2024-01-14 21:00:00,501.3893144711153,27.706519358544348,163.40158203452148,207.92476488107053,59.091402329079486
2024-01-14 22:00:00,826.4329086041599,27.79838521391286,137.03409122509044,213.14683326277913,59.85481984553257
2024-01-14 23:00:00,840.8137086438738,27.873195106870305,109.71287951120242,143.61803947967982,57.64426299628093
2024-01-15 00:00:00,904.1887523337333,27.93081881649821,81.62809527501314,177.62760857531114,55.62493278762925
2024-01-15 01:00:00,625.799392306545,27.97115603771528,52.97520116077233,217.19288404402153,64.38167959562182
2024-01-15 02:00:00,596.5672550751127,27.994136555877585,23.9536137066979,216.9872172542075,59.15475388290615
2024-01-15 03:00:00,903.2233089458755,27.999720369000574,0.0,168.9703524766759,66.9874412236732
2024-01-15 04:00:00,828.087991366806,27.987897757390172,0.0,212.42404151901684,62.98363837924787
2024-01-15 05:00:00,716.5757782004227,27.958689300561762,0.0,191.10996690760825,58.289461173250324
2024-01-15 06:00:00,845.5571358580517,27.912145841417598,0.0,151.1992792527177,63.60227044571613
2024-01-15 07:00:00,969.3617942815122,27.848348397745042,0.0,230.74411876722712,53.03247843216495
2024-01-15 08:00:00,799.6780607193746,27.767408021189585,0.0,167.6691507216984,63.636503649687526
2024-01-15 09:00:00,831.7739254652142,27.669465603948243,0.0,176.43096385056043,49.20070861980317
2024-01-15 10:00:00,887.2261709599417,27.554691633519774,0.0,132.50887734125394,64.48447695423644
2024-01-15 11:00:00,871.0361241020744,27.423285895938573,0.0,165.06304055180038,47.19006019239703
2024-01-15 12:00:00,772.4300506675165,27.275477128008905,0.0,158.5217988759572,45.012801987258754
2024-01-15 13:00:00,808.3143028655923,27.111522619144772,0.0,126.57938543338176,45.4271345188242
2024-01-15 14:00:00,581.3971709143012,26.931707763508506,0.0,193.05076267773129,56.89522188950579
2024-01-15 15:00:00,659.8495950549625,26.736345563227665,0.0,158.52164099907645,59.62024572545985
2024-01-15 16:00:00,1140.4281860569295,26.52577608355503,0.0,207.79568605221192,55.29429913462353
2024-01-15 17:00:00,766.0942566126021,26.300365860920003,0.0,171.00395089184588,62.49206403041904
2024-01-15 18:00:00,645.6597683073877,26.0605072649019,0.0,213.9122547446578,65.83032722607895
2024-01-15 19:00:00,1025.791930975879,25.806617815235683,0.0,181.6420569046792,57.690441538090475
2024-01-15 20:00:00,1092.4131328158342,25.539139455039074,0.0,174.3297855563339,69.36802924103203
2024-01-15 21:00:00,732.0949531210342,25.258537781526073,0.0,173.98347056537153,60.46063049321589
2024-01-15 22:00:00,907.0630769208083,24.96530123554601,0.0,154.56297279389182,59.41860303282336
2024-01-15 23:00:00,890.2291598276483,24.659940251358876,0.0,165.06753024287806,45.15556020152229
2024-01-16 00:00:00,893.4205814381432,24.342986368126933,0.0,204.71280442400632,63.11724331047941
2024-01-16 01:00:00,843.2668493307325,24.014991304669188,0.0,204.42628165086876,64.47891294808952
2024-01-16 02:00:00,858.4805421305916,23.676525999089343,0.0,176.04017730391269,64.80063057011378
2024-01-16 03:00:00,912.8123838117913,23.32817961494888,0.0,177.32765638962428,51.20357715738382
2024-01-16 04:00:00,1052.1792876608727,22.97055851571529,0.0,138.92377494889817,69.54335132257816
2024-01-16 05:00:00,976.5679899140722,22.604285209270476,0.0,165.08523007966699,63.304928155662886
2024-01-16 06:00:00,1040.5688439035032,22.2299972643169,0.0,164.00132522295124,66.63411764054055
2024-01-16 07:00:00,1044.4681290796857,21.84834620056732,0.0,140.18687042569607,61.75710880613518
2024-01-16 08:00:00,1015.0108295426646,21.4599963546502,0.0,215.81808495894927,68.78999661130783
2024-01-16 09:00:00,972.489480303119,21.065623723704842,0.0,173.90467981155328,45.90021168469432
2024-01-16 10:00:00,959.5819291888884,20.66591478867912,0.0,176.27350150269282,64.51199848699608
2024-01-16 11:00:00,1028.9038773139457,20.2615653193782,0.0,203.31747085244595,64.83935314910775
2024-01-16 12:00:00,1082.4260634271736,19.85327916334417,0.0,152.3666428282122,48.9814744520116
2024-01-16 13:00:00,922.337685482012,19.441767020674884,0.0,200.47095509126805,51.787231900570006
2024-01-16 14:00:00,1009.2676750484591,19.027745206914584,0.0,112.04409717635322,60.85301335069775
2024-01-16 15:00:00,1229.8566722792525,18.61193440616972,0.0,162.6877939321691,67.69091385790315
2024-01-16 16:00:00,1021.8341917609827,18.1950584166206,0.0,119.64884757228542,61.67939696455955
2024-01-16 17:00:00,1141.462817431427,17.777842890612234,15.547159680855584,217.01831881031129,62.665434848536776
2024-01-16 18:00:00,961.6482895107517,17.361014071517744,44.63760663374558,202.2177728607694,69.1934094997529
2024-01-16 19:00:00,1289.303309446382,16.945297529572958,73.4173876918138,160.7531261931857,47.21126545157041
2024-01-16 20:00:00,1304.5410293482369,16.5314168988827,101.6862032173906,180.1614724980936,46.06550952750008
2024-01-16 21:00:00,1176.5343607431525,16.120092617797336,129.24730975729616,154.42886430869245,45.96653080374931
2024-01-16 22:00:00,1163.2050529155301,15.712040674852096,155.90888932505663,192.36935122415647,56.46667868548789
2024-01-16 23:00:00,1205.4449169575068,15.307971362452177,181.48538440317915,203.1968401855299,63.82990001100859
2024-01-17 00:00:00,1133.7024941726063,14.908588040473054,205.79878937422347,161.6715777586383,62.40869453451723
2024-01-17 01:00:00,1064.2335298125101,14.51458591192809,228.67988939265956,191.5758471245692,46.23173695409
2024-01-17 02:00:00,1251.700156750746,14.126650812834981,249.96943807526998,154.3394992425047,63.82658010501476
2024-01-17 03:00:00,1058.4455041955925,13.745458018386833,269.51926581372555,170.1487502096106,50.809420618115404
2024-01-17 04:00:00,1192.3896963991126,13.371671067506862,287.193310995719,186.58459544731411,65.39526885020305
2024-01-17 05:00:00,1290.808912649653,13.005940607831809,302.86856695768734,202.9523995801232,68.58757419334864
2024-01-17 06:00:00,989.4601104862612,12.648903263135617,316.43593807853114,160.22274062228723,45.75183909636766
2024-01-17 07:00:00,1109.3199419493778,12.301180525163836,327.8009990561916,176.7627218081777,46.98574162811489
2024-01-17 08:00:00,1121.439294545161,11.963377671808544,336.88465208268656,193.561222327498,58.566033112173315
2024-01-17 09:00:00,853.2868186990196,11.636082713506557,343.62367734385913,203.13710353114143,60.357644272343876
2024-01-17 10:00:00,1044.1401873475204,11.319865369694673,347.9711730125097,222.1070397348428,54.81171670045786
2024-01-17 11:00:00,1102.8654608210481,11.015276077104307,349.8968816726606,175.09534888281252,64.24570910604842
2024-01-17 12:00:00,929.2914225805736,10.722845031620935,349.38740090314326,237.9522352413253,60.850588215745226
2024-01-17 13:00:00,1193.7751456310361,10.443081265377016,346.44627655489154,156.1882631584703,66.59470765348465
2024-01-17 14:00:00,1262.7147971142117,10.176471760684061,341.0939780727594,205.56278141687204,57.00512629364768
2024-01-17 15:00:00,1228.2863190457242,9.92348060234703,333.3677560336202,228.2823710494458,50.14621308762203
2024-01-17 16:00:00,1288.6309742938706,9.684548169835857,323.3213828922351,235.974460840006,63.01941271208775
2024-01-17 17:00:00,990.7195301713871,9.460090370720875,311.0247787392406,176.9327544136021,54.943912807179984
2024-01-17 18:00:00,1155.6496471338262,9.250497916706244,296.5635246758795,148.5896454996652,56.7378693513714
2024-01-17 19:00:00,1040.2210537188082,9.056135643521415,280.0382671922423,134.45875014634413,54.46937024457086
2024-01-17 20:00:00,837.6714102279317,8.87734187585495,261.564017694419,167.32900996376148,47.54932127347839
2024-01-17 21:00:00,858.5360530073614,8.714427838435594,241.26935205562685,125.08721010339505,59.701258724866626
2024-01-17 22:00:00,910.0109478577511,8.56767711428627,219.29551576227084,156.5792148363994,61.19909734836186
2024-01-17 23:00:00,730.6913506016077,8.437345151093512,195.79544088283276,125.59951764581254,61.711077841829095
2024-01-18 00:00:00,927.6275443590037,8.323658816552031,170.9326817012795,190.23030296196367,49.65545397072388
2024-01-18 01:00:00,920.3451790680641,8.226816003458048,144.88027642263995,213.51985554236703,65.44206348816405
2024-01-18 02:00:00,1249.5373347686366,8.146985285239118,117.81954287304113,175.4075793358436,51.936975966203285
2024-01-18 03:00:00,926.1492795627149,8.084305622519818,89.9388165757471,223.94319207513718,69.61788803131938
2024-01-18 04:00:00,1042.8452986925345,8.038886121234224,61.432139985909835,169.9385481990712,61.18597122899872
2024-01-18 05:00:00,930.7851921711914,8.010805842706201,32.497912006590084,199.3057403478245,48.58342165225843
2024-01-18 06:00:00,769.0035812046924,8.000113666028025,3.3375071850324742,151.51359000633056,63.87556762094802
2024-01-18 07:00:00,723.1927239155636,8.006828202976997,0.0,187.19497693770325,66.7742250266713
2024-01-18 08:00:00,759.4391426529638,8.030937765618086,0.0,204.63717563870256,69.07845105971357
2024-01-18 09:00:00,777.2874683438562,8.072400386649006,0.0,190.814284052377,55.1638889150135
2024-01-18 10:00:00,947.3497128136662,8.131143892452343,0.0,211.72532787197264,66.09153516948149
2024-01-18 11:00:00,948.1086419107294,8.207066028727507,0.0,185.16183510037894,49.85640815369812
2024-01-18 12:00:00,742.2765592626927,8.300034638483913,0.0,183.09321904348343,45.986748968385584
2024-01-18 13:00:00,751.7311983913376,8.409887892085486,0.0,185.60016011390624,46.02042064742157
2024-01-18 14:00:00,678.5284650834254,8.536434568946031,0.0,216.86675376361507,49.74204639050022
2024-01-18 15:00:00,745.4292909726673,8.679454390385295,0.0,192.24353798716965,46.39816817843587
2024-01-18 16:00:00,796.020963564413,8.838698403066017,0.0,194.4920911673146,69.46789570264527
2024-01-18 17:00:00,691.9380656026156,9.01388941234491,0.0,186.6733963362793,53.335714255538555
2024-01-18 18:00:00,771.8939181873486,9.204722464782794,0.0,215.93257468950173,53.18088264718146
2024-01-18 19:00:00,675.6349884455103,9.4108653789745,0.0,109.79378645450826,68.69777700828313
2024-01-18 20:00:00,912.8278110762583,9.631959323773932,0.0,161.45299740731255,49.154512596043645
2024-01-18 21:00:00,777.5849918032172,9.867619442908444,0.0,181.90033389123747,47.03458820290609
2024-01-18 22:00:00,681.7252938181423,10.11743552489457,0.0,184.44682451757052,52.61714392406121
2024-01-18 23:00:00,922.4258396903739,10.380972717089675,0.0,135.73631889949507,49.4541437861488
2024-01-19 00:00:00,543.5135575108268,10.657772282636039,0.0,227.1505918173552,65.67478101396549
2024-01-19 01:00:00,741.3314779834548,10.94735239897997,0.0,185.81121223128585,64.83095990069923
2024-01-19 02:00:00,947.2975555177475,11.249208996576225,0.0,163.94338207148036,45.298037394051974
2024-01-19 03:00:00,915.3144918919427,11.56281663631722,0.0,222.52669180722717,45.20510353178366
2024-01-19 04:00:00,868.8195080597259,11.887629424160416,0.0,209.0468068983584,68.48592883691816
2024-01-19 05:00:00,774.496547379816,12.223081961361054,0.0,135.7462632262419,50.347347363173256
2024-01-19 06:00:00,910.9770111242651,12.568590328656956,0.0,114.25817974687959,56.51577432863299
2024-01-19 07:00:00,883.9487435472115,12.923553102691393,0.0,153.978554830729,67.32233602086279
2024-01-19 08:00:00,936.0073199919275,13.287352402905634,0.0,206.34135325293695,51.0641183707865
2024-01-19 09:00:00,690.8565300618891,13.659354967077917,0.0,205.26322479789792,53.56982472353425
2024-01-19 10:00:00,960.2897670881482,14.03891325363761,0.0,190.57908589897872,60.566893091216954
2024-01-19 11:00:00,725.3627964473588,14.425366568835011,0.0,205.23573594119668,57.67730128780336
2024-01-19 12:00:00,692.3035999421749,14.818042216804997,0.0,174.373413639581,61.46834555005126
2024-01-19 13:00:00,858.3275343680558,15.216256670522997,0.0,216.3965624470327,47.57220943586663
2024-01-19 14:00:00,863.3474595472592,15.619316761614167,0.0,206.1146000472325,63.76299575869959
2024-01-19 15:00:00,1040.0912624325679,16.026520886945715,0.0,152.768964182053,53.72219269097332
2024-01-19 16:00:00,872.5742909050363,16.437160229900996,0.0,178.40595128608933,62.16199817376172
2024-01-19 17:00:00,950.8341140237161,16.85051999421058,0.0,182.63771084012205,57.34834869434559
2024-01-19 18:00:00,803.2436097190282,17.26588064819154,0.0,206.0182185726989,50.079596580039336
2024-01-19 19:00:00,790.2183056041796,17.682519177230105,0.0,151.63005182209338,67.05437040522747
2024-01-19 20:00:00,909.3218367389212,18.09971034232671,6.979376986849497,178.04700189056197,52.77225986971667
2024-01-19 21:00:00,1037.9309918760162,18.516727942512976,36.12263406768636,197.52135645655483,57.14929045317751
2024-01-19 22:00:00,1295.374591812447,18.932846078943587,65.01448720278921,165.45706411672887,67.86437466700932
2024-01-19 23:00:00,866.9196133882825,19.34734041846167,93.45385676257254,208.25916507489035,56.705703512983305
2024-01-20 00:00:00,1227.2816270268463,19.759489454439407,121.24281228305041,203.5935522053566,46.478282009668675
2024-01-20 01:00:00,986.7759393015658,20.16857576269796,148.18795000931323,162.9947683461275,63.69314413269606
2024-01-20 02:00:00,1205.8290291647095,20.573887250321654,174.10173893434924,179.44827046209264,61.44789995008697
2024-01-20 03:00:00,868.0545282446004,20.974718395191548,198.8038259650621,186.38959657689813,46.35175570645526
2024-01-20 04:00:00,1090.1780237632593,21.370371474081804,222.1222911319484,179.4244567763824,56.73405052576018
2024-01-20 05:00:00,1089.1200389285814,21.76015777718007,243.89484410643936,147.87273210804076,46.80293685476974
2024-01-20 06:00:00,1026.3734627950712,22.14339880691879,263.9699536985279,156.9512168980862,65.06775516650453
2024-01-20 07:00:00,1057.742298233888,22.519427459029796,282.20790247362606,233.4817440448008,53.021981177322246
2024-01-20 08:00:00,1100.2869759437117,22.887589183766732,298.48175914882364,167.13885114926464,55.904683047154165
2024-01-20 09:00:00,1124.837966769569,23.24724312527421,312.6782620009382,196.32764997065146,47.61220499319665
2024-01-20 10:00:00,888.1766721595397,23.597763237119675,324.69860713803644,164.73616010201323,57.59490158811884
2024-01-20 11:00:00,972.4464373398589,23.938539372047142,334.45913614830806,121.29161463078643,58.37216787905557
2024-01-20 12:00:00,1023.9386291888386,24.26897834405488,341.89191834039985,242.20773076834422,69.88169278915387
2024-01-20 13:00:00,802.245902468738,24.58850496094926,346.94522352300453,154.76666187327024,50.572106260037245
2024-01-20 14:00:00,974.6058005319392,24.896563025576505,349.5838820332572,182.73190020633155,46.20954823630152
2024-01-20 15:00:00,1234.1008769683563,25.192616303990363,349.7895295082582,153.99963987674636,57.05470417664198
2024-01-20 16:00:00,1184.376397743739,25.47614945886957,347.56073469616285,167.1993983885204,51.225557392909494
2024-01-20 17:00:00,1036.8400156972107,25.746668946561165,342.91300941731475,176.73738753022135,46.98953172004683
2024-01-20 18:00:00,1262.8904497394558,26.00370387618745,335.8787006060928,165.78394157313636,60.84104371847484
2024-01-20 19:00:00,1148.797756675845,26.24680682932155,326.5067651848355,193.8910015559261,61.10732687405688
2024-01-20 20:00:00,1035.2564632329386,26.4755546388048,314.8624293366506,231.2951300154774,54.88572888750256
2024-01-20 21:00:00,1221.7638903944885,26.689549125349988,301.0267345484989,169.52639457363418,60.56142264423595
2024-01-20 22:00:00,1304.3164558655178,26.888417790648585,285.09597358394643,217.08345516761722,51.52729405854156
2024-01-20 23:00:00,1096.8202388343018,27.07181446577517,267.1810203110967,160.7022058880394,56.83796720666304
2024-01-21 00:00:00,1223.3742733785075,27.239419913760727,247.40655804988506,192.3822780088482,57.69922790713667
2024-01-21 01:00:00,1164.126562460582,27.390942385285484,225.91021180927657,162.02289557526998,58.77274646420379
2024-01-21 02:00:00,1161.4453662702833,27.52611812652448,202.84159045371956,178.71398004951686,52.690595472449814
2024-01-21 03:00:00,963.5775170903703,27.644711838261465,178.3612454651614,178.1584171083185,49.334202176932735
2024-01-21 04:00:00,941.6284591062633,27.746517085472135,152.6395535473534,218.73658315137712,57.31352261942355
2024-01-21 05:00:00,962.7870196691707,27.831356656663814,125.85553084919756,200.7641945804593,57.554106359149614
2024-01-21 06:00:00,1125.4629455627776,27.899082872345886,98.19558705988103,194.48267537782843,53.08774402113147
2024-01-21 07:00:00,1069.2440677873558,27.949577842094197,69.85222804689636,171.31891998780344,51.35738054628398
2024-01-21 08:00:00,1043.8085527931073,27.982753669761863,41.02271606631572,206.6647821358071,58.969152529648866
2024-01-21 09:00:00,1210.2735222551278,27.99855260647932,11.907696869825433,207.36631353236484,53.82292706647571
2024-01-21 10:00:00,1227.1859448865869,27.996947151177267,0.0,185.93787944810356,53.99691072880164
2024-01-21 11:00:00,802.904832726647,27.977940098457537,0.0,163.61189509040784,48.305500946207275
2024-01-21 12:00:00,759.3361112026811,27.941564533728567,0.0,187.68760179128455,60.391423864621515
2024-01-21 13:00:00,948.065615699777,27.887883775613894,0.0,138.27779146082293,67.2824903938938
2024-01-21 14:00:00,1043.403465920436,27.816991265734003,0.0,212.15836478998955,60.19082746431202
2024-01-21 15:00:00,1046.564237749996,27.729010406053355,0.0,121.21222816924671,58.975801326874986
2024-01-21 16:00:00,930.5389424755554,27.6240943440756,0.0,215.82914036522445,60.54130520081408
2024-01-21 17:00:00,692.8013096880305,27.50242570626119,0.0,153.06787664964548,69.33796078829151
2024-01-21 18:00:00,1162.2871961617736,27.364216280130975,0.0,160.48910368334262,56.10820786362237
2024-01-21 19:00:00,837.6643734532951,27.20970664560969,0.0,166.63045084513152,58.26390360139461
2024-01-21 20:00:00,950.7004279561249,27.039165756250465,0.0,200.71424811873476,59.36345839055463
2024-01-21 21:00:00,896.7489120955854,26.85289047106989,0.0,164.96646314291382,46.62195428136058
2024-01-21 22:00:00,841.1737032937752,26.65120503780804,0.0,206.64914216060345,67.21816242766012
2024-01-21 23:00:00,1002.5102813688095,26.434460528513352,0.0,213.32696418990716,47.61127301245361
2024-01-22 00:00:00,1008.0761968640523,26.203034228434664,0.0,209.54864008776875,58.83652573463714
2024-01-22 01:00:00,678.7925201811227,25.957328979284007,0.0,150.51262665309363,52.5933779267703
2024-01-22 02:00:00,521.7807972873766,25.69777247801375,0.0,219.17394006402512,67.80058289489907
2024-01-22 03:00:00,741.7264454106814,25.424816532328133,0.0,163.13885812293518,68.3158985691079
2024-01-22 04:00:00,852.1624151658863,25.13893627422578,0.0,244.8619174061671,54.580237241449666
2024-01-22 05:00:00,834.6520106148105,24.84062933294144,0.0,167.2289460231952,65.17927916056517
2024-01-22 06:00:00,835.3477768644681,24.530414968727378,0.0,112.99881366894807,65.0606056792499
2024-01-22 07:00:00,920.2549653800211,24.208833168981457,0.0,211.21926755254847,46.845583685784206
2024-01-22 08:00:00,899.8424162401955,23.87644370829605,0.0,173.31838219001682,56.26069226713071
2024-01-22 09:00:00,717.154773333354,23.533825174063196,0.0,147.02802694457327,49.42454617690058
2024-01-22 10:00:00,597.4025719053543,23.1815739593327,0.0,149.415940985896,49.32905056699174
2024-01-22 11:00:00,667.6627216674594,22.820303224676127,0.0,230.52877739646786,57.14614446552188
2024-01-22 12:00:00,899.3825753939709,22.45064183086344,0.0,174.32096414239157,55.99453740814762
2024-01-22 13:00:00,667.2726841499543,22.073233244210837,0.0,169.07345568728113,54.86098814036875
2024-01-22 14:00:00,888.2568881419169,21.68873441650439,0.0,185.64819363092874,56.48651305786121
2024-01-22 15:00:00,831.6033021221428,21.29781464145015,0.0,194.4834015752946,53.974208587399715
2024-01-22 16:00:00,1011.2462356087323,20.90115438964024,0.0,144.4954077562183,65.51372099460275
2024-01-22 17:00:00,749.7474839168589,20.499444124064002,0.0,187.64905728571043,61.06774021993604
2024-01-22 18:00:00,472.487255819432,20.093383098224905,0.0,157.49384870390023,55.50981212752768
2024-01-22 19:00:00,998.2851249512926,19.683678138956424,0.0,179.39121602184352,62.761096912093606
2024-01-22 20:00:00,763.6458462354713,19.271042416054605,0.0,182.90667139738395,57.43548420225437
2024-01-22 21:00:00,749.3423713838744,18.856194200869812,0.0,278.13571611994564,49.28273651003726
2024-01-22 22:00:00,942.6347659735064,18.439855616018235,0.0,218.23884631613817,56.393059772178184
2024-01-22 23:00:00,734.5015416681005,18.022751378389223,0.0,267.28047737572786,54.68134031271107
2024-01-23 00:00:00,654.9856034659833,17.605607537637265,27.585992930928324,171.63570656654258,51.24673703488252
2024-01-23 01:00:00,749.4856791053902,17.18915021235353,56.57258703810856,210.03574976897787,60.78504672637827
2024-01-23 02:00:00,870.4843386591763,16.77410432611791,85.16545095453526,187.47722099883336,53.187346542728335
2024-01-23 03:00:00,763.1839236423851,16.361192345630723,113.16558593623942,226.21124508060186,50.34395109729037
2024-01-23 04:00:00,1039.805291454993,15.951133023121557,140.37811847531086,118.60408369584722,59.56608727454175
2024-01-23 05:00:00,714.693486710508,15.544640145223415,166.61365656780825,139.22097277318176,57.12571051934344
2024-01-23 06:00:00,749.0197401531045,15.14242129049073,191.68960783183226,128.31495458055178,61.11108973954666
2024-01-23 07:00:00,689.115491056059,14.745176597723752,215.43145030203524,206.51932796151297,46.74711945024173
2024-01-23 08:00:00,1097.9390465636832,14.353597547242881,237.67394705619458,154.9709877455362,45.81470744272959
2024-01-23 09:00:00,1088.8381186435008,13.96836575723528,258.26229622031946,189.97867262866308,60.44258284618026
2024-01-23 10:00:00,857.203173515301,13.590151797267854,277.0532083486226,190.1924066248915,66.6459600547669
2024-01-23 11:00:00,800.1404042046416,13.219614021033006,293.91590368001823,171.93795336161457,52.651375402635665
2024-01-23 12:00:00,705.5848084132728,12.857397420357938,308.73302233056177,208.02491833379688,52.601534944644456
2024-01-23 13:00:00,1109.064046192429,12.504132502473329,321.40144108708137,173.6807015382132,67.77544446625242
2024-01-23 14:00:00,1023.7889436553256,12.16043419249474,331.8329911173822,210.57157669138022,59.22460376949536
2024-01-23 15:00:00,1039.8773939334142,11.826900763028156,339.95507160190846,160.43803434873084,64.8082965759386
2024-01-23 16:00:00,930.6186330728889,11.50411279276193,345.71115501618505,194.33094894934865,65.8688011039952
2024-01-23 17:00:00,1135.6521750640136,11.19263215585871,349.06118054738147,199.893548194405,51.2773651436221
2024-01-23 18:00:00,1006.357507230946,10.893001043906125,349.9818329069365,133.11412829958178,51.494028017647274
2024-01-23 19:00:00,872.3235776429855,10.605741022128498,348.46670459877976,184.54706993076178,63.19554526549318
2024-01-23 20:00:00,919.4901444925232,10.331352121503095,344.5263405138033,170.32158334217578,47.10265078657517
2024-01-23 21:00:00,1073.7881625733573,10.070311968360425,338.1881645402186,156.58288347905483,64.35738207766587
2024-01-23 22:00:00,888.4516708266482,9.823074952984497,329.49628870057603,254.19353345112216,58.07407106029777
2024-01-23 23:00:00,1129.311434698678,9.590071438659509,318.51120614379136,206.83505437461486,59.446465909095366
2024-01-24 00:00:00,961.8824685700665,9.371707012540446,305.30937012889063,213.7648958049491,65.94368608590514
2024-01-24 01:00:00,1029.231058172036,9.168361779650969,289.98266193061323,236.02854665256578,49.67300535386713
2024-01-24 02:00:00,1031.8395195208207,8.980389701238035,272.63775137012783,201.1890854441567,45.41200459043736
2024-01-24 03:00:00,1065.9304333292025,8.808117978634728,253.39535442139385,163.51705080742528,50.09518560659053
2024-01-24 04:00:00,1177.0866886192143,8.651846483703686,232.3893930600113,224.18317850116284,55.96798775408059
2024-01-24 05:00:00,960.9518594090265,8.511847236852915,209.76606320182825,150.79735617833552,60.12865844645661
2024-01-24 06:00:00,1046.8427830855062,8.388363933532178,185.68281721815424,143.55864273670045,63.545427607499406
2024-01-24 07:00:00,965.9793920134614,8.281611520034568,160.30726810906128,190.79256209276875,62.59120720977769
2024-01-24 08:00:00,1075.830380789279,8.191775819341318,133.81602296137328,200.90774555247006,65.94123934485117
2024-01-24 09:00:00,1020.4418993068717,8.119013207661459,106.39345381023263,159.25735995136324,54.628048071763466
2024-01-24 10:00:00,1162.078211056631,8.063450342229064,78.23041445865223,167.00303670599538,66.68597799641827
2024-01-24 11:00:00,1201.7789652354215,8.025183940832187,49.522912185719896,158.21749134683188,50.22974735464827
2024-01-24 12:00:00,1382.0607332731297,8.004280613457016,20.470743587941996,194.04905494105407,53.27162486468392
2024-01-24 13:00:00,1090.8809387125493,8.000776746340488,0.0,179.43115759189158,66.70978757495106
2024-01-24 14:00:00,1309.7492734945156,8.014678438633078,0.0,167.3533376757839,67.52982192651324
2024-01-24 15:00:00,1080.1168120863463,8.045961491782066,0.0,177.22534506289455,56.45064777690205
2024-01-24 16:00:00,1061.7195664053904,8.094571451653731,0.0,212.09749838997263,51.45642404105696
2024-01-24 17:00:00,1215.9266694202013,8.16042370332121,0.0,177.186544654341,56.09580492621712
2024-01-24 18:00:00,1258.3937251751686,8.243403618352907,0.0,175.73766953232527,61.15206586387443
2024-01-24 19:00:00,1262.1317824249331,8.343366754345238,0.0,169.98442227964992,54.38867690299341
2024-01-24 20:00:00,1186.1478204391476,8.460139106352194,0.0,226.50781934446067,67.90009610076758
2024-01-24 21:00:00,1134.963763623059,8.593517409774272,0.0,196.62268329659483,58.33918307684894
2024-01-24 22:00:00,1322.0383845528727,8.743269494179284,0.0,216.38844061780745,53.71805151942608
2024-01-24 23:00:00,1041.704924651531,8.909134687439455,0.0,189.61493283498612,56.833179432873166
2024-01-25 00:00:00,987.3632592802691,9.090824269481054,0.0,133.4210531106254,50.397012203149586
2024-01-25 01:00:00,1003.3527986359705,9.288021974856825,0.0,167.85635463017553,53.96138201417667
2024-01-25 02:00:00,913.4000425568272,9.500384543266556,0.0,185.2162477416129,67.18031477917783
2024-01-25 03:00:00,976.3070885999067,9.727542317067115,0.0,217.0459934322489,57.833485737766324
2024-01-25 04:00:00,1238.0661217262693,9.969099884732385,0.0,108.37924036554415,48.05045794804615
2024-01-25 05:00:00,838.1537130410946,10.224636769142442,0.0,200.5882157717742,67.91323245108111
2024-01-25 06:00:00,1232.3640332183224,10.49370815950454,0.0,214.6738729841946,50.661458792788466
2024-01-25 07:00:00,820.8388903769052,10.775845685631115,0.0,149.60831090327665,57.0933949465901
2024-01-25 08:00:00,1123.5739456095591,11.070558233227823,0.0,135.1418535274002,62.015524990422875
2024-01-25 09:00:00,650.8374203785758,11.377332798771741,0.0,274.04071988404075,46.67766579930655
2024-01-25 10:00:00,1177.731024783154,11.695635382492007,0.0,179.22870991538568,45.84495534026722
2024-01-25 11:00:00,869.7818712898304,12.02491191789866,0.0,158.72088499638042,58.61881736016156
2024-01-25 12:00:00,963.0310570619337,12.364589236241066,0.0,184.04951276845554,66.79352630356193
2024-01-25 13:00:00,915.8422072292192,12.71407606421791,0.0,209.76920100364512,55.42865639654098
2024-01-25 14:00:00,870.4426276358543,13.072764053201173,0.0,157.94793631564073,49.220004701016975
2024-01-25 15:00:00,1084.6911453488667,13.440028838183432,0.0,221.2414864342991,59.76482435615066
2024-01-25 16:00:00,1014.1592436473655,13.815231124604265,0.0,130.36135142822133,68.66463091125341
2024-01-25 17:00:00,865.3363339588933,14.197717801164881,0.0,176.40281353214763,45.37435874290493
2024-01-25 18:00:00,916.6035415868367,14.586823076692925,0.0,181.08228700138253,60.395091746491
2024-01-25 19:00:00,961.8832635018574,14.981869639079495,0.0,224.38836449175318,50.368218122152875
2024-01-25 20:00:00,799.3522085694609,15.38216983427025,0.0,175.87911837599663,63.38252984153935
2024-01-25 21:00:00,928.385769891719,15.787026863258628,0.0,176.5447282859811,61.41615279697287
2024-01-25 22:00:00,942.0404866355677,16.195735994997946,0.0,170.22667643853887,66.62591360532667
2024-01-25 23:00:00,732.5362031711038,16.607585793120222,0.0,107.17024708856589,64.52380238541554
2024-01-26 00:00:00,656.0284011257303,17.021859354327436,0.0,164.6401681036842,64.71636834024555
2024-01-26 01:00:00,827.6291475348189,17.437835556298488,0.0,247.384571766233,68.92272142650377
2024-01-26 02:00:00,671.6183921789086,17.854790312940704,0.0,175.28120764061458,49.337333583082106
2024-01-26 03:00:00,824.3735692477354,18.27199783479982,19.032804024230938,203.01658384502264,66.24589353081412
2024-01-26 04:00:00,732.8219406987904,18.688731892435534,48.09675116708867,170.35738431510595,61.70485438457385
2024-01-26 05:00:00,883.1382832019933,19.104267080562387,76.825957687268,187.38004813153486,51.509197326268094
2024-01-26 06:00:00,867.256370554598,19.517880080756573,105.02047593246243,171.82761705503287,65.38995765010043
2024-01-26 07:00:00,1008.2408812832866,19.928850920529797,132.48407953884652,155.37147114319458,54.39361191450286
2024-01-26 08:00:00,903.2974901297462,20.33646422657892,159.02562911448064,192.8936325488734,48.78988380608012
2024-01-26 09:00:00,814.8079339620651,20.740010470030178,184.46040251876423,156.8044958394912,54.575654072139926
2024-01-26 10:00:00,676.5038465870144,21.138787201509537,208.6113804794891,209.75492562898592,54.173580702621535
2024-01-26 11:00:00,628.2391414769816,21.532100273890357,231.31047860000803,200.46838955048514,68.9965003396166
2024-01-26 12:00:00,816.2978891734265,21.919265050588915,252.39971718200763,156.3729513991299,53.951139198034355
2024-01-26 13:00:00,914.2137279530241,22.299607597305478,271.7323207222944,157.39683914474313,55.34034170552461
2024-01-26 14:00:00,865.6941853386114,22.672465855135528,289.1737394313263,216.94286704858303,45.69487300679708
2024-01-26 15:00:00,746.9581778448756,23.037190793010062,304.60258566404923,212.43772698284772,64.56872856998265
2024-01-26 16:00:00,700.9275526380558,23.393147537458134,317.91147874568287,168.79290877570483,67.44995393019911
2024-01-26 17:00:00,914.1378271140436,23.73971647772538,329.0077923127145,174.7055993141443,45.03128939525842
2024-01-26 18:00:00,812.35473578649,24.076294344325216,337.8142989678124,170.82958058967358,69.70201047055235
2024-01-26 19:00:00,574.3133823994315,24.402295259144417,344.2697077620068,221.39182398443637,53.9854640934807
2024-01-26 20:00:00,983.8350415220486,24.717151755276227,348.329090763433,204.44697029287127,48.97090093694091
2024-01-26 21:00:00,539.7580095782665,25.020315764804742,349.9641957438087,194.59512733193813,64.4751089350706
2024-01-26 22:00:00,723.3856694003455,25.311259572822095,349.16364280644694,152.72935581051019,47.449291189613554
2024-01-26 23:00:00,778.8258643015475,25.589476736016916,345.9330035873157,148.3510113947723,68.5853890064307
2024-01-27 00:00:00,912.1190790951075,25.854482964235935,340.29476247792974,208.17917263604636,64.7185267359782
2024-01-27 01:00:00,785.8428043459294,26.105816963483363,332.2881601399553,230.08623470890578,66.88533856785263
2024-01-27 02:00:00,779.9327272715383,26.343041238891416,321.9689204006175,98.18251191177032,68.66174987473768
2024-01-27 03:00:00,872.1117451623603,26.565742856263718,309.40886242965234,131.91753554182785,49.70273717261342
2024-01-27 04:00:00,1027.043268278982,26.77353416086612,294.69540089695204,199.10108556506924,55.10834893401398
2024-01-27 05:00:00,862.2482311218076,26.966053452214013,277.9309375896547,172.70540214145635,68.55806924156197
2024-01-27 06:00:00,1170.4424343418796,27.142965613681,259.23214872289515,151.63215401728644,47.490789325541485
2024-01-27 07:00:00,962.3399169402962,27.303962695833594,238.72917290430294,200.35150853753888,61.29069575554635
2024-01-27 08:00:00,883.770696456587,27.44876445247594,216.56470540384646,140.117897289161,55.56793373928026
2024-01-27 09:00:00,906.1257090965607,27.57711882847199,192.89300503261316,207.1124934309893,64.3058082209717
2024-01-27 10:00:00,891.2693427753519,27.68880239849556,167.8788205424414,166.862165854045,45.40432318804133
2024-01-27 11:00:00,1065.282109466137,27.783620755944895,141.69624401832016,229.6753954179432,69.10139075574355
2024-01-27 12:00:00,963.9477669511593,27.86140885134448,114.52749924368936,173.85771974653002,58.861556894795655
2024-01-27 13:00:00,992.5073699306106,27.92203127964518,86.56167347127855,209.20252528501953,65.82994207566838
2024-01-27 14:00:00,948.9493278143049,27.965382515922663,57.99340142599787,166.34541046378448,62.45083751348774
2024-01-27 15:00:00,1256.6256237688895,27.991387099063658,29.02151069892978,150.60124856624168,59.91130741436005
2024-01-27 16:00:00,820.6770128821602,27.999999763120485,0.0,162.0391198545933,64.69983471173092
2024-01-27 17:00:00,1021.2877655929312,27.991205516105044,0.0,181.82023217644706,52.675916708214686
2024-01-27 18:00:00,1119.8701571327197,27.965019666085276,0.0,133.93487547621726,65.71352529949559
2024-01-27 19:00:00,1122.3742497133983,27.92148779453853,0.0,213.20692316097052,49.68850692578901
2024-01-27 20:00:00,1098.7362321940582,27.860685677008274,0.0,179.12674496037758,67.90734880821252
2024-01-27 21:00:00,1194.0643084763342,27.782719151202308,0.0,109.94673998307763,51.34109979222238
2024-01-27 22:00:00,1142.1283505608085,27.687723932761983,0.0,135.40502881104794,61.478233497478485
2024-01-27 23:00:00,1095.45812810017,27.575865379023163,0.0,145.74513661829758,50.594665589384654
2024-01-28 00:00:00,1001.6433205204539,27.44733820118025,0.0,146.50394452901074,62.5505946203147
2024-01-28 01:00:00,1173.2231602385027,27.302366125354023,0.0,185.6627605313101,48.855335688701686
2024-01-28 02:00:00,1006.3786302081526,27.141201503153674,0.0,174.0668205014,47.187613671642126
2024-01-28 03:00:00,898.6796465559617,26.96412487241048,0.0,191.80993088406422,64.3039672241169
2024-01-28 04:00:00,1261.6191712676787,26.771444468848212,0.0,158.3928148798297,62.78038464685986
2024-01-28 05:00:00,1116.1031380165075,26.563495689539796,0.0,208.91502900967006,61.46173876087904
2024-01-28 06:00:00,1090.7183227229166,26.340640509084743,0.0,158.9635804471788,56.57395520099439
2024-01-28 07:00:00,1126.3667437793372,26.103266849523024,0.0,155.46266917783237,58.05503425592499
2024-01-28 08:00:00,1132.9280176950326,25.851787905082748,0.0,193.88973437533176,58.944219313992775
2024-01-28 09:00:00,1109.6115715051149,25.586641422936516,0.0,149.5278583507555,65.88791187889626
2024-01-28 10:00:00,1123.5789781453338,25.308288941218812,0.0,207.53392670044218,62.03438600414556
2024-01-28 11:00:00,1171.6826507855744,25.017214985630773,0.0,225.42064979565288,57.50245048364933
2024-01-28 12:00:00,1122.5122765215774,24.713926226030377,0.0,208.78562810420385,59.63454470143547
2024-01-28 13:00:00,1197.2042224350753,24.398950594476947,0.0,154.46662377887907,59.54311790428372
2024-01-28 14:00:00,1427.52065679885,24.07283636626425,0.0,164.51967236690203,66.26801755191454
2024-01-28 15:00:00,1240.118663970357,23.736151205542782,0.0,197.46510089218268,54.349130434686444
2024-01-28 16:00:00,1170.6529442032772,23.38948117719157,0.0,173.8888331488366,55.75536647331344
2024-01-28 17:00:00,1117.408480727681,23.033429726660458,0.0,221.35741126760354,53.54796079690579
2024-01-28 18:00:00,1141.1994131827653,22.668616629557757,0.0,221.9465247135251,52.631734121883795
2024-01-28 19:00:00,1182.0074319721257,22.2956769128124,0.0,213.96311075918595,46.41790911808613
2024-01-28 20:00:00,1129.6530816453344,21.9152597492883,0.0,228.44446680899478,61.80322154908521
2024-01-28 21:00:00,1206.4704258300121,21.52802732777466,0.0,155.03449388940373,55.20137760897276
2024-01-28 22:00:00,1183.0903286216587,21.13465370032007,0.0,161.40354360082108,47.87318673558193
2024-01-28 23:00:00,1016.4240664391045,20.735823608915812,0.0,197.40839855991294,57.89194608971732
2024-01-29 00:00:00,970.7003692528664,20.332231293571805,0.0,234.1786113388948,59.52856216987465
2024-01-29 01:00:00,1073.9239485310027,19.92457928385888,0.0,152.87424014115552,48.795614565370464
2024-01-29 02:00:00,1202.7355296370201,19.513577176022068,0.0,173.27293084207204,67.94595508637975
2024-01-29 03:00:00,857.4167826494177,19.099940397792405,0.0,194.9674561307023,53.258268895553485
2024-01-29 04:00:00,1027.8404381709847,18.684388963048512,0.0,177.06438090972895,66.11501096336865
2024-01-29 05:00:00,953.1001031187782,18.267646218494534,0.0,114.24288275179826,66.98561782982841
2024-01-29 06:00:00,927.5930314009979,17.85043758453707,10.468198074721926,163.35537315214768,67.83642596795707
2024-01-29 07:00:00,904.9967716343533,17.43348929255238,39.592063915761265,166.36002745482892,68.25665802007592
2024-01-29 08:00:00,1106.024925734807,17.017527120741615,68.4403795001517,168.8281557867844,46.420263699305835
2024-01-29 09:00:00,1033.7924279913839,16.603275130775412,96.81236820810538,149.83893680479162,69.50161174500172
2024-01-29 10:00:00,909.7557957207646,16.191454407425866,124.51056852848136,172.53125196952277,66.09813287021903
2024-01-29 11:00:00,816.4403238375394,15.782781803380939,151.34220833847527,115.73157672863162,51.30207772137523
2024-01-29 12:00:00,976.4062700309412,15.377968691425032,177.12054654644888,152.42915336263547,53.8259600997494
2024-01-29 13:00:00,895.8707826832631,14.97771972615898,201.6661727603464,163.32060616849057,64.00217321712736
2024-01-29 14:00:00,789.185986828074,14.582731617413737,224.8082559364229,178.15505736969982,61.491623528573065
2024-01-29 15:00:00,780.1022599811622,14.193691917494004,246.3857333179518,202.9521307669738,66.82064019559772
2024-01-29 16:00:00,850.4585247982644,13.811277824361802,266.2484313892776,161.82414452489041,49.68166132125118
2024-01-29 17:00:00,609.2906482139143,13.436155002844057,284.2581110436204,195.19651086026104,60.63502508801236
2024-01-29 18:00:00,781.0903896781434,13.068976425915835,300.289429690565,170.62243587368812,61.806315577622804
2024-01-29 19:00:00,756.5846142443105,12.710381238075836,314.2308136072332,139.19927091196178,61.437801575888045
2024-01-29 20:00:00,714.3703865033966,12.360993642793478,325.9852344617709,184.41625682890165,60.25043855875324
2024-01-29 21:00:00,859.1723839387989,12.021421815963187,335.4708846047949,192.86573696153567,52.206427924134275
2024-01-29 22:00:00,677.5555023308362,11.692256847258252,342.621746428912,223.22899291785436,57.501377576823835
2024-01-29 23:00:00,791.8394446206614,11.374071711226026,347.3880518337508,177.76027833573974,57.63358316418618
2024-01-30 00:00:00,712.1987019181147,11.067420269916424,349.7366285987268,189.3602959458714,58.81971530269709
2024-01-30 01:00:00,708.0804578763659,10.772836308778967,349.6511312528963,213.96289430536433,65.55971193965324
2024-01-30 02:00:00,693.7029009074062,10.490832607507265,347.1321548350939,185.38790369600335,60.55120824024095
2024-01-30 03:00:00,1094.4676758360552,10.221900047448004,342.19723075262186,132.9975686185428,53.53582327687778
2024-01-30 04:00:00,762.3716326797603,9.966506757127961,334.88070476730604,160.3054667033339,47.76250614634806
2024-01-30 05:00:00,650.5655705979036,9.72509729738702,325.233497958113,201.7436627330056,69.81768197958635
2024-01-30 06:00:00,558.6523320262111,9.498091887534862,313.32275232395006,177.45047003628315,56.760520328591795
2024-01-30 07:00:00,576.1785159519795,9.285885673879108,299.23136349318025,194.41276962972884,67.62498046524146
2024-01-30 08:00:00,638.2888857128671,9.088848041897483,283.057403792042,213.87106872092676,52.220988062308685
2024-01-30 09:00:00,702.916508871686,8.907321973251923,264.9134396872975,187.988603484262,56.90014734419573
2024-01-30 10:00:00,741.8444680236635,8.741623448763304,244.92574835349006,185.18097048643483,59.006553952254734
2024-01-30 11:00:00,898.0911460493912,8.592040898386543,223.23343881733646,176.45734814824814,58.63756691593928
2024-01-30 12:00:00,720.765418534153,8.458834699143031,199.987483795811,188.40234753712443,66.4127229374375
2024-01-30 13:00:00,831.2611386028215,8.342236721884703,175.3496689661097,176.85058125060272,50.189721932335154
2024-01-30 14:00:00,790.7557126679596,8.242449927678518,149.49146698028392,196.48128905011066,56.73518866607132
2024-01-30 15:00:00,876.37027300178,8.159648014513868,122.5928440610777,173.88749280768405,53.37909257464028
2024-01-30 16:00:00,874.1247732447123,8.093975114948089,94.84100748480041,181.35585141530962,49.66338372838701
2024-01-30 17:00:00,827.5542198324357,8.045545545216138,66.42910266835239,119.30749014040848,64.57047067795797
2024-01-30 18:00:00,822.6790222573264,8.014443606241379,37.55486892840511,176.9176350735854,49.90545999963195
2024-01-30 19:00:00,1082.703244197597,8.00072343689368,8.419263268220348,154.49537939057376,50.51296309792401
2024-01-30 20:00:00,871.6797779080514,8.00440891975038,0.0,160.73471605053936,61.32853029323067
2024-01-30 21:00:00,734.0098627539431,8.025493639524093,0.0,172.67945126474572,57.708563669761624
2024-01-30 22:00:00,814.2864762959642,8.063940894229745,0.0,172.21107529774497,53.97264665489967
2024-01-30 23:00:00,696.5643408702629,8.119683759071382,0.0,208.7124935371983,66.03127158916708
